File,Duration,Is taken,,Taken duration (in minutes),10.16666667
00pbt6aJV8Y_350000_360000.wav,10.00,n,,"metais.marianne@gmail.com inutile de tout faire ici, faisons 5mn chacun",
00pK0GMmE9s_70000_80000.wav,10.00,n,,,
05NNBR1PCiw_150000_160000.wav,10.00,y,,,
07PC2zb3_xc_10000_20000.wav,10.00,n,,,
07QDI50hlec_50000_60000.wav,10.00,n,,,
0Cikr3DZaSM_100000_110000.wav,10.00,n,,,
0DvICv9rCkM_70000_80000.wav,10.00,n,,,
0E1jIdp2z10_30000_40000.wav,10.00,n,,,
0ehyZCP7iuQ_80000_90000.wav,10.00,n,,,
0eMdzbrbY4U_10000_20000.wav,10.00,n,,,
0Fc42_i3G80_100000_110000.wav,10.00,y,,,
0FK71lEBqRs_30000_40000.wav,10.00,n,,,
0F_RFWvp8cY_270000_280000.wav,10.00,y,,,
0GSBomNmZxI_30000_40000.wav,10.00,n,,,
0J0XskO5pYY_30000_40000.wav,10.00,n,,,
0o-DD4GwohU_110000_120000.wav,10.00,y,,,
0p9ClF5DXNo_160000_170000.wav,10.00,n,,,
0sZ2w_nPW_4_280000_290000.wav,10.00,n,,,
0UO35uIOrhg_50000_60000.wav,10.00,n,,,
0v22mLrfD6E_0_10000.wav,10.00,n,,,
0yCFCh8e10Y_10000_20000.wav,10.00,y,,,
13nV_7Q0WEc_220000_230000.wav,10.00,,,,
13yT2k5evdY_23000_33000.wav,9.00,,,,
19m8ffB4HmA_360000_370000.wav,10.00,,,,
1ABY_h55vF8_250000_260000.wav,10.00,n,,,
1FKNzvUjZPw_30000_40000.wav,10.00,n,,,
1HQyUAfYFHw_0_10000.wav,10.00,y,,,
1NkxMP5GM0o_240000_250000.wav,10.00,n,,,
1rFEFzJkHC8_20000_30000.wav,10.00,n,,,
1rMJFFQ_SdM_30000_40000.wav,10.00,n,,,
-1TeQpwlZGs_9000_19000.wav,10.00,n,,,
1vDLHyYCPhk_140000_150000.wav,10.00,n,,,
25R81bvaLfc_30000_40000.wav,10.00,,,,
28c_azOmujY_20000_30000.wav,10.00,,,,
28WMzKS8Mvg_40000_50000.wav,10.00,,,,
2Cv0_9ezILU_30000_40000.wav,10.00,y,,,
2D-dgLmfMN4_30000_40000.wav,10.00,n,,,
2eBQV6mzMfs_160000_170000.wav,10.00,y,,,
2gT9ZvAp-vw_70000_80000.wav,10.00,n,,,
2-JdnOFLx90_100000_110000.wav,10.00,n,,,
2jQwv1d0DyU_30000_40000.wav,10.00,y,,,
2KdHeWz8utE_60000_70000.wav,10.00,y,,,
2Lg4zowpNxE_30000_40000.wav,10.00,n,,,
2nFGzlJzxEU_260000_270000.wav,10.00,n,,,
2o4Vqjzfhko_50000_60000.wav,10.00,n,,,
2OJw3xGALI4_60000_70000.wav,10.00,n,,,
2PDJPQ2LUHI_80000_90000.wav,10.00,n,,,
2silQ-okQWE_80000_90000.wav,10.00,n,,,
2VMS64fFJps_170000_180000.wav,10.00,y,,,
2wkMjeh4kxk_210000_220000.wav,10.00,n,,,
2WP8Vmkdv_Y_180000_190000.wav,10.00,n,,,
2xu5cPjJz8w_330000_340000.wav,10.00,n,,,
332Q5m6oAXU_40000_50000.wav,10.00,,,,
39I0igiJeDU_30000_40000.wav,10.00,,,,
3AtIZY2A4Lk_120000_130000.wav,10.00,n,,,
3b0WnxNfOf8_0_10000.wav,10.00,n,,,
3-BAZ9IRM1s_530000_540000.wav,10.00,y,,,
3Cd7-k99LkY_290000_300000.wav,10.00,n,,,
3d0dg7tCqSc_250000_260000.wav,10.00,y,,,
-3G-bs5JaW8_100000_110000.wav,10.00,y,,,
3GcT21hdxLk_260000_270000.wav,10.00,n,,,
3gKBtWsShBc_50000_60000.wav,10.00,n,,,
3oZLoVYIHFQ_50000_60000.wav,10.00,y,,,
3pnOPc6RsPs_470000_480000.wav,10.00,n,,,
3qcpZuhsDog_0_10000.wav,10.00,n,,,
3QFIGPvCD9Y_10000_20000.wav,10.00,n,,,
3Qtrq7mNpRk_30000_40000.wav,10.00,n,,,
3qUlLqzjK80_60000_70000.wav,10.00,n,,,
3qYR12TI9Ic_180000_190000.wav,10.00,y,,,
3uFwjFHmQhE_10000_20000.wav,10.00,n,,,
3Utd8WYp9ZU_0_10000.wav,10.00,n,,,
3vnRVhpoFpY_200000_210000.wav,10.00,n,,,
3yJv3ElMC4E_160000_170000.wav,10.00,y,,,
435H0Ai36E4_40000_50000.wav,10.00,,,,
47qEvSPsXF4_170000_180000.wav,10.00,,,,
4cJWESri7zs_50000_60000.wav,10.00,n,,,
4f9OKlHoBsk_40000_50000.wav,10.00,n,,,
4ITETcfpgSs_0_10000.wav,10.00,n,,,
4iVvjums0r0_10000_20000.wav,10.00,n,,,
4MYmnpPvBmo_80000_90000.wav,10.00,n,,,
4nK9l8Fv2wA_30000_40000.wav,10.00,n,,,
4SnjARXXyTo_20000_30000.wav,10.00,n,,,
-4WKTcogEJs_30000_40000.wav,10.00,n,,,
4xHAVVdygzk_30000_40000.wav,9.00,n,,,
50c1NQ33yYw_0_10000.wav,10.00,,,,
53UtJp-9UYM_100000_110000.wav,10.00,,,,
57H-K6Yhlig_30000_40000.wav,10.00,,,,
5_cdDjdyILo_160000_170000.wav,10.00,n,,,
5eyKN5xISCc_30000_40000.wav,10.00,n,,,
5GT_Wg6XQC4_30000_40000.wav,10.00,n,,,
5i4U-Ie3pgI_30000_40000.wav,10.00,n,,,
5iT-5fccnC8_70000_80000.wav,10.00,n,,,
5M8JlZNtw0w_20000_30000.wav,10.00,n,,,
5p9pergm-Ko_0_7000.wav,6.72,n,,,
5PXHXL89Kac_0_10000.wav,10.00,y,,,
5slzmsYMlpA_29000_39000.wav,9.00,n,,,
5U2ZiMVHMxg_200000_210000.wav,10.00,n,,,
606sfRcQYA8_90000_100000.wav,10.00,,,,
60hqzRXbO0s_450000_460000.wav,10.00,,,,
6-2SCYUDBZw_30000_40000.wav,10.00,y,,,
64kSvAtmFAk_30000_40000.wav,10.00,,,,
6a2OyetkL0c_180000_190000.wav,10.00,y,,,
6agI5a-5TGY_270000_280000.wav,10.00,y,,,
6BoESZbG9HU_140000_150000.wav,10.00,n,,,
6cgbWBO0_Kg_80000_90000.wav,10.00,n,,,
6F7GHkKxEnc_100000_110000.wav,10.00,n,,,
6fbdPFxR1Wc_30000_40000.wav,10.00,n,,,
6g3ZMgNYE6s_10000_20000.wav,10.00,n,,,
6GfKGwRSRIw_30000_40000.wav,10.00,n,,,
6ip72AF6DiY_300000_310000.wav,10.00,n,,,
6Ix6axuXbnA_470000_480000.wav,10.00,n,,,
6kD5Ya6JUbQ_350000_360000.wav,10.00,y,,,
6mBfajqi1pg_560000_570000.wav,10.00,y,,,
_6MQP6iYahk_120000_130000.wav,10.00,y,,,
6NWpyI8ZC7o_0_7000.wav,7.00,n,,,
6pw5sDsjCio_100000_110000.wav,10.00,n,,,
6qGCOVxywo4_60000_70000.wav,10.00,y,,,
6VCV28rzgM0_590000_600000.wav,10.00,n,,,
6wzuvIz_91g_70000_80000.wav,10.00,y,,,
6xzc5Y-78-s_100000_110000.wav,10.00,y,,,
6y2HuVdxWsw_100000_110000.wav,10.00,n,,,
75LSDHinDBw_100000_110000.wav,10.00,,,,
7a26CcKCj94_90000_100000.wav,10.00,y,,,
7-BcamGuceQ_160000_170000.wav,10.00,n,,,
7bPt8dhIAiU_120000_130000.wav,10.00,y,,,
7GPwz1Wf0u0_140000_150000.wav,10.00,n,,,
7HXiTVCIiQM_130000_140000.wav,10.00,n,,,
7JlXNdqot5c_10000_20000.wav,10.00,n,,,
7Kp8w8uPFUY_120000_130000.wav,10.00,n,,,
7MT6kn7O-Yg_50000_60000.wav,10.00,n,,,
7O_Q7A8LAhI_220000_230000.wav,10.00,n,,,
7tQSdALRYxI_0_10000.wav,10.00,n,,,
7W_nNAwMKfk_110000_120000.wav,10.00,y,,,
7XMNs1cUBPI_250000_260000.wav,10.00,,,,
7xX1g_WVYmM_100000_110000.wav,10.00,,,,
80LZfdjdcfM_80000_90000.wav,10.00,,,,
83hygpk4VKY_120000_130000.wav,10.00,,,,
86rBaUnvabk_40000_50000.wav,10.00,,,,
8a4Zec3h3LM_30000_40000.wav,10.00,,,,
8ceXmEQDKec_10000_20000.wav,10.00,,,,
8e6ha9wOsl0_30000_40000.wav,10.00,,,,
8EE7q8Gn5-s_110000_120000.wav,10.00,,,,
8ENkXXxH0ek_300000_310000.wav,10.00,,,,
8FDXK91vjXI_360000_370000.wav,10.00,,,,
8GPSYoD_J3Q_90000_100000.wav,10.00,,,,
8iWe0H--Zj8_130000_140000.wav,10.00,,,,
8JMFVd_3Fq0_60000_70000.wav,10.00,,,,
8JP7ReHkkus_100000_110000.wav,10.00,,,,
-8kh4JEvkzw_0_10000.wav,10.00,y,,,
-8myqx-cnlc_500000_510000.wav,10.00,n,,,
8p39IkxlA0c_120000_130000.wav,10.00,,,,
8q70f4E6WXE_510000_520000.wav,10.00,,,,
8Q-OMF3jDZQ_30000_40000.wav,10.00,,,,
8UhBEnxGl-M_50000_60000.wav,10.00,,,,
8yY2HUHW3Bg_30000_40000.wav,10.00,,,,
8z6UjJACNLE_10000_20000.wav,10.00,,,,
8ZkzbgrJHTE_20000_30000.wav,10.00,,,,
90GTOk2kHFw_40000_50000.wav,10.00,,,,
96p-sOIMnY0_460000_470000.wav,10.00,,,,
96RUmyMF8xY_10000_20000.wav,10.00,,,,
96U7Fp-ZhT0_20000_30000.wav,10.00,,,,
97_dBJobzaE_50000_60000.wav,10.00,,,,
9DfDmEBAcK0_20000_30000.wav,10.00,,,,
9ejranzi8ow_100000_110000.wav,10.00,,,,
9ige_Pfo-2Q_30000_40000.wav,10.00,,,,
9iLv04oxDOE_0_10000.wav,10.00,,,,
9KhDXUt5IoM_370000_380000.wav,10.00,,,,
9lKT8tuqBtQ_10000_20000.wav,10.00,,,,
9SNlCzvjmVU_310000_320000.wav,10.00,,,,
9wdz8eKr2Qc_20000_30000.wav,10.00,,,,
9YUMLUa6_Kk_390000_400000.wav,10.00,,,,
9YWr88Wvw28_60000_70000.wav,10.00,,,,
9zlVuADmmis_120000_130000.wav,10.00,,,,
A41gpIXz9WY_30000_40000.wav,10.00,,,,
a446EKu5R80_10000_20000.wav,10.00,,,,
a7-3NEbFmeI_110000_120000.wav,10.00,,,,
A7x8vP9N124_30000_40000.wav,10.00,,,,
a99O5xKFMDw_90000_100000.wav,10.00,,,,
AAXowEKGJns_160000_170000.wav,10.00,,,,
adsXomyAeEk_40000_50000.wav,10.00,,,,
ae77rEvgfB8_100000_110000.wav,10.00,,,,
afFwwX0AJk0_370000_380000.wav,10.00,,,,
aFtNcvXq7aM_60000_70000.wav,10.00,,,,
aG_-fLZv1F4_360000_370000.wav,10.00,,,,
AgPBflnMOss_90000_100000.wav,10.00,,,,
AiL8bvc8M8M_30000_40000.wav,10.00,,,,
AlshOYjdNmM_40000_50000.wav,10.00,,,,
AMJXa4v3KYc_30000_40000.wav,10.00,,,,
aMzFTjK0pFQ_90000_100000.wav,10.00,,,,
an3f3lM0zrk_30000_40000.wav,10.00,,,,
ANgVEtaSYl8_30000_40000.wav,10.00,,,,
ApXL5ODyWL4_40000_50000.wav,10.00,,,,
aq2juGj1aBk_100000_110000.wav,10.00,,,,
AsNDxmO5ebE_26000_36000.wav,9.00,,,,
ateZFhw2P00_250000_260000.wav,10.00,,,,
AuCSBtuEI-k_40000_50000.wav,10.00,,,,
aUJZ7tcC-Eg_60000_70000.wav,10.00,,,,
aVkTSaGniOU_6000_16000.wav,9.00,,,,
AVvPNcxOuRQ_30000_40000.wav,10.00,,,,
a-W_gKh4lvQ_50000_60000.wav,10.00,,,,
aWweR0vbv4E_10000_20000.wav,10.00,,,,
AXV9t6otJUk_80000_90000.wav,10.00,,,,
Aycznry-iTQ_30000_40000.wav,10.00,,,,
AYO4ZeZm1mE_140000_150000.wav,10.00,,,,
-AyO7l1Cg80_30000_40000.wav,10.00,,,,
b2-Kg3Xecq4_10000_20000.wav,10.00,,,,
B5-S_Jl0qWg_10000_20000.wav,10.00,,,,
B6uxhGolQpo_320000_330000.wav,10.00,,,,
b8V5qYDf6Nw_0_10000.wav,10.00,,,,
B8Xv04otTos_30000_40000.wav,10.00,,,,
B9heGupPnrA_210000_220000.wav,10.00,,,,
b9WS-4OmvIM_30000_40000.wav,10.00,,,,
ban3U1QHdqY_10000_20000.wav,10.00,,,,
BCJDy3_RG_s_0_10000.wav,10.00,,,,
bCs4WThiPZA_40000_50000.wav,10.00,,,,
Bd2nhNf9Tp8_240000_250000.wav,10.00,,,,
BdH3k5GEcDc_140000_150000.wav,10.00,,,,
bEWyk7ce8iU_10000_20000.wav,10.00,,,,
Bfpqg3C0Ew4_30000_40000.wav,10.00,,,,
bFYtDnEu_WM_230000_240000.wav,10.00,,,,
BhRhkFgGBs8_20000_30000.wav,10.00,,,,
bhUCty5L9VY_210000_220000.wav,10.00,,,,
BIlDJzE8cpw_0_10000.wav,10.00,,,,
bKsv9zDJEhI_370000_380000.wav,10.00,,,,
blaTIx05o7U_0_7000.wav,6.58,,,,
bLoPYZnyDls_440000_450000.wav,10.00,,,,
bM0hl0SPESI_0_10000.wav,10.00,,,,
Bn0YA2DVAQM_50000_60000.wav,10.00,,,,
bnQ5GwUzIQw_40000_50000.wav,10.00,,,,
BokqCsTFNEI_30000_40000.wav,10.00,,,,
BoQbqWnU4c0_70000_80000.wav,10.00,,,,
bp86POFMG3U_80000_90000.wav,10.00,,,,
-Bp9Q5aYLOc_70000_80000.wav,10.00,,,,
bpr9ydMTwGs_30000_40000.wav,10.00,,,,
bq57BVRkh_k_70000_80000.wav,10.00,,,,
Bq7pJ8J8iQ8_40000_50000.wav,10.00,,,,
bREeoq1fKvE_80000_90000.wav,10.00,,,,
BTepa5tICHM_200000_210000.wav,10.00,,,,
buDAD_rD3k4_220000_230000.wav,10.00,,,,
busjTZBJ7QI_100000_110000.wav,10.00,,,,
_bvDXbDFGO0_60000_70000.wav,10.00,,,,
BWqb0GbRfRk_60000_70000.wav,9.00,,,,
bWrBZryS5NY_290000_300000.wav,10.00,,,,
bwx9R3cgaQs_50000_60000.wav,10.00,,,,
bXSBynF2G3o_50000_60000.wav,10.00,,,,
BzqLlEhfpdo_10000_20000.wav,10.00,,,,
C1mVaje_BUM_30000_40000.wav,10.00,,,,
c3AF32jDwH8_120000_130000.wav,10.00,,,,
C4bCoIfF0t4_50000_60000.wav,10.00,,,,
c_8V9SW2qOs_10000_20000.wav,10.00,,,,
cA5edW-PLUo_20000_30000.wav,10.00,,,,
cAt69uiir-Q_190000_200000.wav,10.00,,,,
Cb72bJyShuM_450000_460000.wav,10.00,,,,
c-bz418bUks_10000_20000.wav,10.00,,,,
cCiRNhlg9C4_390000_400000.wav,10.00,,,,
CCywFuWAucg_30000_40000.wav,10.00,,,,
CDzXaXXJbEM_10000_20000.wav,10.00,,,,
ceDWaTMWR1g_50000_60000.wav,10.00,,,,
CFQQgBvv2xQ_100000_110000.wav,10.00,,,,
CgGDTDmu6Qk_30000_40000.wav,10.00,,,,
cgHbr5hivcw_60000_70000.wav,10.00,,,,
CgtYVinJPa8_310000_320000.wav,10.00,,,,
chC-9kguWFA_0_10000.wav,10.00,,,,
CIbc5JqIjiI_30000_40000.wav,10.00,,,,
cJyiiH7JA7c_170000_180000.wav,10.00,,,,
ckF4s_SZ9yQ_0_10000.wav,10.00,,,,
CkTAYVElyrM_220000_230000.wav,10.00,,,,
CLLGryjHW24_30000_40000.wav,10.00,,,,
clnyKJd7K18_10000_20000.wav,10.00,,,,
cMHu8J982xM_70000_80000.wav,10.00,,,,
cn0Lfo0RuIs_60000_70000.wav,10.00,,,,
cP-OvBQ5RmA_30000_40000.wav,10.00,,,,
CQEYmvZRDtM_40000_50000.wav,10.00,,,,
CrHh01rawbA_30000_40000.wav,10.00,,,,
cRkhMBn2ELM_20000_30000.wav,10.00,,,,
crMPYATB5kQ_160000_170000.wav,10.00,,,,
CRMQWKBhJRc_0_10000.wav,10.00,,,,
CRrSmK9xo6I_30000_40000.wav,10.00,,,,
cRsncbbY0NU_30000_40000.wav,10.00,,,,
CsHx08b_Mmo_70000_80000.wav,10.00,,,,
CUpj8e4vfr0_10000_20000.wav,10.00,,,,
CutZRlwZcZU_30000_40000.wav,10.00,,,,
cv_KMgBFnXs_0_7000.wav,6.74,,,,
cvw7UDGRLeo_0_10000.wav,10.00,,,,
cw844ivV0CA_80000_90000.wav,10.00,,,,
d1gI8yIS334_30000_40000.wav,10.00,,,,
d26HeGr9lyA_60000_70000.wav,10.00,,,,
D4gbzWirkwQ_70000_80000.wav,10.00,,,,
d5K_CRFF6QY_30000_40000.wav,10.00,,,,
d7XAa66iR2Y_240000_250000.wav,10.00,,,,
D8H7zrH3amM_0_10000.wav,10.00,,,,
da0keBWk8Ho_270000_280000.wav,10.00,,,,
dBAwPvsmQOA_80000_90000.wav,9.65,,,,
dCDORKRN_aI_180000_190000.wav,10.00,,,,
DepTw8defWM_170000_180000.wav,10.00,,,,
dEXKTosbg8E_0_10000.wav,10.00,,,,
dfxYejzppW8_40000_50000.wav,10.00,,,,
DG89TFpzMmg_20000_30000.wav,10.00,,,,
dgMo5b586E0_10000_20000.wav,10.00,,,,
dGrGnzhQct0_180000_190000.wav,10.00,,,,
DlF5YsnBkb4_30000_40000.wav,10.00,,,,
DNO8dL_W1AI_30000_40000.wav,10.00,,,,
DNSbY2bKAyE_10000_20000.wav,10.00,,,,
dNZFq_4hYTI_80000_90000.wav,10.00,,,,
dPcCE9cndYU_50000_60000.wav,10.00,,,,
Dsw49uX3JkM_0_10000.wav,10.00,,,,
dszSv0BdSrM_10000_20000.wav,10.00,,,,
du6a2k-GU_8_40000_50000.wav,10.00,,,,
DUAOuZYsolE_20000_30000.wav,10.00,,,,
duAVtPbzqxc_230000_240000.wav,10.00,,,,
dVdqCTNHmXc_100000_110000.wav,10.00,,,,
dXIvX2YQqeE_0_10000.wav,10.00,,,,
DXjXhKtrN9s_30000_40000.wav,10.00,,,,
dYk4yglnJAo_170000_180000.wav,10.00,,,,
DylTf2pECxU_120000_130000.wav,10.00,,,,
DYq0gklkL0I_110000_120000.wav,10.00,,,,
DZXQWcbMW9U_480000_490000.wav,10.00,,,,
E3SHLh_qAeg_90000_100000.wav,10.00,,,,
e_5x309zT0k_30000_40000.wav,10.00,,,,
E7n5Z8F4IUk_30000_40000.wav,10.00,,,,
e7VR1kPClcA_100000_110000.wav,10.00,,,,
EAPXZYrMD38_140000_150000.wav,10.00,,,,
EbNuiP23_1M_30000_40000.wav,10.00,,,,
eDJofKCmH-s_20000_30000.wav,10.00,,,,
edZdqE0CLS8_140000_150000.wav,10.00,,,,
edzQilGMseY_13000_23000.wav,9.00,,,,
EEFejKIsZl4_70000_80000.wav,10.00,,,,
EFrncYnRg-Y_50000_60000.wav,10.00,,,,
EFtHGHtwF1A_0_10000.wav,10.00,,,,
ehDC-F5w6Ac_80000_90000.wav,10.00,,,,
Ek8XKK6LE6Y_30000_40000.wav,10.00,,,,
ELnAoHRBJFQ_60000_70000.wav,10.00,,,,
EmJch5XooOQ_0_10000.wav,10.00,,,,
E-mM8vAFS-c_70000_80000.wav,10.00,,,,
enb_S2kX5oQ_130000_140000.wav,10.00,,,,
eOBbi_dx4vo_10000_20000.wav,10.00,,,,
epfr3qcfA_4_90000_100000.wav,10.00,,,,
eRboAmIf2Ek_30000_40000.wav,10.00,,,,
erUCX-QsTlE_30000_40000.wav,10.00,,,,
erX5fkm_Oos_170000_180000.wav,10.00,,,,
esBuds1ITuA_430000_440000.wav,10.00,,,,
ev4gyQeBbLQ_10000_20000.wav,10.00,,,,
eWOcYSKaCsg_210000_220000.wav,10.00,,,,
ey3jRuOuzMc_40000_50000.wav,10.00,,,,
EZ5m9JARwBM_30000_40000.wav,10.00,,,,
ezTD9y2wDXA_550000_560000.wav,10.00,,,,
f03jUgdJKfw_10000_20000.wav,10.00,,,,
F0Omj8D7rOg_0_10000.wav,10.00,,,,
f1LTJAnPr58_70000_80000.wav,10.00,,,,
F2-nfFV8bWE_20000_30000.wav,10.00,,,,
f-2NjwRjVCw_120000_130000.wav,10.00,,,,
f3H_F2RzxVk_20000_30000.wav,10.00,,,,
f5mtzt-ZL7I_350000_360000.wav,10.00,,,,
f8EAURIbmto_0_10000.wav,10.00,,,,
faAkUAKAK0E_0_10000.wav,10.00,,,,
FawyLfqTsqs_230000_240000.wav,10.00,,,,
Fb1_r41QUW4_250000_260000.wav,10.00,,,,
fbEFZ0Pyh2k_130000_140000.wav,10.00,,,,
FBZqk8yz3nM_30000_40000.wav,10.00,,,,
Fc0HTBFqZgM_70000_80000.wav,10.00,,,,
fcFEMkkkotk_30000_40000.wav,10.00,,,,
FCSjIcne0vc_30000_40000.wav,10.00,,,,
FCw8rvKJy5E_30000_40000.wav,10.00,,,,
FD9bOksfiQM_40000_50000.wav,10.00,,,,
FDcbH82VwxI_23000_33000.wav,9.00,,,,
FDjHjIytOEE_0_10000.wav,10.00,,,,
FDNj1d8V-9g_40000_50000.wav,10.00,,,,
FEyJ1E5JgUM_130000_140000.wav,10.00,,,,
ffu2H6QloO8_0_10000.wav,10.00,,,,
FgEETokxBEw_170000_180000.wav,10.00,,,,
_FgMAIrF86U_150000_160000.wav,10.00,,,,
fIpbu3uF12o_140000_150000.wav,10.00,,,,
Fk8y6-wbBUk_20000_30000.wav,10.00,,,,
fkLFPP-U82E_520000_530000.wav,10.00,,,,
fkSlwbHNxYo_30000_40000.wav,10.00,,,,
fLvvN3dhJWo_0_10000.wav,10.00,,,,
FmUBUjGseuA_330000_340000.wav,10.00,,,,
FOcS12s5mmI_20000_30000.wav,10.00,,,,
FOKfCYQCShA_28000_38000.wav,9.94,,,,
Fp5qeW7fHJM_400000_410000.wav,10.00,,,,
fqFSZoU5Tq0_30000_40000.wav,10.00,,,,
f_qjP-L1qXI_10000_20000.wav,10.00,,,,
FR4em-G3gfo_30000_40000.wav,10.00,,,,
Fr5oO4Czx2I_290000_300000.wav,10.00,,,,
FsCyf86qppY_30000_40000.wav,10.00,,,,
FUqW3rNZmws_130000_140000.wav,10.00,,,,
FV0gp4QV84M_120000_130000.wav,10.00,,,,
fYRN_kMtURQ_270000_280000.wav,10.00,,,,
G0846GMeR2c_90000_100000.wav,10.00,,,,
G2THRu30o7M_30000_40000.wav,10.00,,,,
G4iNOd35-Y0_140000_150000.wav,10.00,,,,
G7kZFjckglY_21000_31000.wav,9.00,,,,
g9Pp9qZ3GIc_330000_340000.wav,10.00,,,,
Ga048VjbQFc_300000_310000.wav,10.00,,,,
gBQj0-Ip5hU_80000_90000.wav,10.00,,,,
gciM4Mia1Bk_250000_260000.wav,10.00,,,,
GdND_LYJtYg_30000_40000.wav,10.00,,,,
GdwuddsUo50_0_10000.wav,10.00,,,,
GE5IN5XHGBA_50000_60000.wav,10.00,,,,
gfeH6OoWOlQ_130000_140000.wav,10.00,,,,
gFz5986nPpw_190000_200000.wav,10.00,,,,
Gg2yrb0DF2Y_50000_60000.wav,10.00,,,,
gjA7tue1-aM_40000_50000.wav,10.00,,,,
GJngt9bFpjk_390000_400000.wav,10.00,,,,
GLonHcKZyqw_100000_110000.wav,10.00,,,,
GMBup-GU8oM_40000_50000.wav,10.00,,,,
gMGlJWRJxhc_180000_190000.wav,10.00,,,,
Gmnq57So-U4_20000_30000.wav,10.00,,,,
gn91aAfdVX8_10000_20000.wav,10.00,,,,
GnEgvpk96fA_80000_90000.wav,10.00,,,,
GqKEJPsNWvI_10000_20000.wav,10.00,,,,
-GqMXFPA3vI_160000_170000.wav,10.00,,,,
GrD9MBHKnNI_190000_200000.wav,10.00,,,,
Gro_JLf5aVw_20000_30000.wav,10.00,,,,
GrQDNR-D6bo_60000_70000.wav,10.00,,,,
gry6N9t41yE_150000_160000.wav,10.00,,,,
GssH78eQfVQ_21000_31000.wav,9.83,,,,
g-Tbj3xV5cQ_90000_100000.wav,10.00,,,,
gULnIh1FhhI_170000_180000.wav,10.00,,,,
GVesQf8glMU_20000_30000.wav,10.00,,,,
GvHqxrGs3RM_19000_29000.wav,9.00,,,,
GW5yUNWZ2MY_30000_40000.wav,10.00,,,,
GxieG4J68Yw_70000_80000.wav,10.00,,,,
gxupw1GpMWo_80000_90000.wav,10.00,,,,
gy55Ml1X_kU_30000_40000.wav,10.00,,,,
g_zBk4p6cFs_230000_240000.wav,10.00,,,,
h1bFLyel_Mw_100000_110000.wav,10.00,,,,
h1GeaRRd1Zs_310000_320000.wav,10.00,,,,
h1q9OALd7K0_540000_550000.wav,10.00,,,,
H2rtj2uak9U_540000_550000.wav,10.00,,,,
h5CN_uzb2X0_40000_50000.wav,10.00,,,,
h71dB9Qo7U0_20000_30000.wav,10.00,,,,
HbhIIXh9b-U_280000_290000.wav,10.00,,,,
hcAUpwtFMrs_130000_140000.wav,10.00,,,,
HcG9MzrDPgc_30000_40000.wav,10.00,,,,
hcOACmq8DxE_50000_60000.wav,9.00,,,,
H_DAy3fUL8M_140000_150000.wav,10.00,,,,
HE3sfnAo1x4_10000_20000.wav,10.00,,,,
HFlfGXEdQXU_30000_40000.wav,10.00,,,,
hFpBrtp_0S8_30000_40000.wav,10.00,,,,
HFYdNrJN2Zg_0_10000.wav,10.00,,,,
hG_pccZVKys_150000_160000.wav,10.00,,,,
HGstsTY4dRc_50000_60000.wav,10.00,,,,
hH2OMKEvO-s_10000_20000.wav,10.00,,,,
HHvqCV4kN-M_40000_50000.wav,10.00,,,,
hjjlHKJu0Cw_170000_180000.wav,10.00,,,,
hkd6_120zcE_0_10000.wav,10.00,,,,
hl7eHItq9Zw_50000_60000.wav,10.00,,,,
hlMDHf1eF2o_40000_50000.wav,10.00,,,,
hLVXXrelgJ8_110000_120000.wav,10.00,,,,
HMePQl4hbNI_30000_40000.wav,10.00,,,,
hmMq1usIZAA_60000_70000.wav,10.00,,,,
Hn1UNGYvikE_130000_140000.wav,10.00,,,,
hNM8stQ6tM4_260000_270000.wav,10.00,,,,
hpRO7HAptLU_450000_460000.wav,10.00,,,,
Hpt4oDpqQ94_30000_40000.wav,10.00,,,,
Hr6SPb_1FQA_10000_20000.wav,10.00,,,,
HRCoE2J1Vfk_480000_490000.wav,10.00,,,,
HRNjG4NfYIs_10000_20000.wav,10.00,,,,
HS1xYHNJkoA_120000_130000.wav,10.00,,,,
HsrpVJjQhZQ_30000_40000.wav,10.00,,,,
hW5gtf6DYek_60000_70000.wav,10.00,,,,
hWbcPJCYcmk_40000_50000.wav,10.00,,,,
h-wUTDMRlQ0_250000_260000.wav,10.00,,,,
HylySP1KZHQ_130000_140000.wav,10.00,,,,
I2jVlVaFyD0_0_10000.wav,10.00,,,,
i5xwPDOoQ88_10000_20000.wav,10.00,,,,
iAFVE7A8H4E_0_10000.wav,10.00,,,,
iAuoN5Cwl20_30000_40000.wav,10.00,,,,
Ib7cg0gudCs_170000_180000.wav,10.00,,,,
IbEqfqTarSQ_210000_220000.wav,10.00,,,,
iBYwf7KQG1M_30000_40000.wav,10.00,,,,
icJ6tsRjavA_110000_120000.wav,10.00,,,,
iCTWz5H9tK0_90000_100000.wav,10.00,,,,
IDx52t0hn7Q_0_10000.wav,10.00,,,,
IFrUUoIqRqw_30000_40000.wav,10.00,,,,
ig8YryOiKFI_30000_40000.wav,10.00,,,,
I_GAhp3M4kQ_0_10000.wav,10.00,,,,
igLg2QlMkHg_240000_250000.wav,10.00,,,,
IgVzKNLqGJQ_80000_90000.wav,10.00,,,,
iH9meKHtP6M_30000_40000.wav,10.00,,,,
IHQlD8HukOw_30000_40000.wav,10.00,,,,
ikG8XGcwLCU_20000_30000.wav,10.00,,,,
Il2uf1KAnt4_0_10000.wav,10.00,,,,
IlVuPQ11gzM_120000_130000.wav,10.00,,,,
iO8bYvXFpow_40000_50000.wav,10.00,,,,
i_Q5t1mPe5o_190000_200000.wav,10.00,,,,
iQDjWESY9Gc_50000_60000.wav,10.00,,,,
irPZ_aiaYbs_50000_60000.wav,10.00,,,,
I-s-u9oRH_E_50000_60000.wav,10.00,,,,
it2uRpC-gQM_30000_40000.wav,10.00,,,,
ITq2Z2feoaM_50000_60000.wav,10.00,,,,
IuT5XXO4xFs_440000_450000.wav,10.00,,,,
iWWHHDHqtpE_60000_70000.wav,10.00,,,,
IxRM2m1QGA4_570000_580000.wav,10.00,,,,
j3ZQERCjas8_40000_50000.wav,10.00,,,,
j44l1fjp6lw_50000_60000.wav,10.00,,,,
J7j7jYacW_U_0_10000.wav,10.00,,,,
J8CQxtl8qZs_290000_300000.wav,10.00,,,,
j8iJQ-kqWoo_160000_170000.wav,10.00,,,,
J_9fdMsERvs_30000_40000.wav,10.00,,,,
j9onbp5hw6g_90000_100000.wav,10.00,,,,
J9RXGuJ-DaU_80000_90000.wav,10.00,,,,
jB1oFBSD9mg_10000_20000.wav,10.00,,,,
jB5aPZdy7S0_70000_80000.wav,10.00,,,,
Jbmed4RImfc_290000_300000.wav,10.00,,,,
jcG_Q3W8Nj4_30000_40000.wav,10.00,,,,
jeYUjB5cmjQ_50000_60000.wav,10.00,,,,
jGrJTPM0jt0_370000_380000.wav,10.00,,,,
JHZgrp0pMaM_0_10000.wav,10.00,,,,
jIq2DdGwnGE_300000_310000.wav,10.00,,,,
jjEFJn35epg_150000_160000.wav,10.00,,,,
JjuXy6UKK5Y_160000_170000.wav,10.00,,,,
jkkEMER0MKM_120000_130000.wav,10.00,,,,
jlu131iL7Mc_570000_580000.wav,10.00,,,,
JMivlqj21rg_80000_90000.wav,10.00,,,,
jOKUHLDpjSA_360000_370000.wav,10.00,,,,
-jp2qvHQXq8_200000_210000.wav,10.00,,,,
JPIbrv0hj_Y_0_10000.wav,10.00,,,,
JPUb0c4hUgY_490000_500000.wav,10.00,,,,
jQv6RBK08D0_40000_50000.wav,10.00,,,,
JrMC4UZxulw_110000_120000.wav,10.00,,,,
J_rXb0s_BV0_200000_210000.wav,10.00,,,,
JsrG4Z1RZeY_590000_600000.wav,10.00,,,,
jSyg10p7n28_200000_210000.wav,10.00,,,,
JTk_7jVeW64_0_10000.wav,10.00,,,,
-JTuq3DZ2vo_230000_240000.wav,10.00,,,,
JU673GDxIFE_100000_110000.wav,10.00,,,,
Ju96j8k1v8E_60000_70000.wav,10.00,,,,
jV8-FE_bfM4_320000_330000.wav,10.00,,,,
Jw_DFS4dfZU_330000_340000.wav,10.00,,,,
-jWV8Pq6fus_100000_110000.wav,10.00,,,,
jYGCycAC9KE_410000_420000.wav,10.00,,,,
jytYFsRuwWc_210000_220000.wav,10.00,,,,
K68PjrSv1zY_0_10000.wav,10.00,,,,
K8f4BTVNKqI_100000_110000.wav,10.00,,,,
K8pU44rsLJY_150000_160000.wav,10.00,,,,
Ke5YRnqT94o_130000_140000.wav,10.00,,,,
kFNlFDzxSzM_30000_40000.wav,10.00,,,,
KH22JqqjVA8_30000_40000.wav,10.00,,,,
KHeMI0Qmnqg_110000_120000.wav,10.00,,,,
KhPmpbIS7-E_110000_120000.wav,10.00,,,,
ki0bfqDGjCY_400000_410000.wav,10.00,,,,
KkfmL7vwSuw_390000_400000.wav,10.00,,,,
KKghPv944Ks_30000_40000.wav,10.00,,,,
KL4uiNB7lMA_150000_160000.wav,10.00,,,,
KL6F4LAecLI_0_10000.wav,10.00,,,,
KlEln3wA3y4_70000_80000.wav,10.00,,,,
KLGk22ATbR8_70000_80000.wav,10.00,,,,
KM5f6fUSHiY_40000_50000.wav,10.00,,,,
km5LJuMWc7Y_420000_430000.wav,10.00,,,,
Kn3rYBt2U64_30000_40000.wav,10.00,,,,
KNyZbx5wO5I_20000_30000.wav,10.00,,,,
KovczhDkitQ_180000_190000.wav,10.00,,,,
kRrtUBsoM44_40000_50000.wav,10.00,,,,
Kt-XB98Nk0A_60000_70000.wav,10.00,,,,
kuCbL8sY9WY_10000_20000.wav,10.00,,,,
KVnLXdYJzls_260000_270000.wav,10.00,,,,
kvRj7jTlUd8_30000_40000.wav,10.00,,,,
KWfj_tzrlxM_90000_100000.wav,10.00,,,,
kWGRmcQ2VPU_250000_260000.wav,10.00,,,,
KwhhqS1_Vmo_370000_380000.wav,10.00,,,,
kxTdhCkX2iw_10000_20000.wav,10.00,,,,
kYEjY0FvQck_110000_120000.wav,10.00,,,,
Kzg90xlyCJs_50000_60000.wav,10.00,,,,
l1hw48VCq5Y_30000_40000.wav,10.00,,,,
l3edwVbaaDY_580000_590000.wav,10.00,,,,
L3pkbxH6GW0_10000_20000.wav,10.00,,,,
L4H8GbAwquw_120000_130000.wav,10.00,,,,
L5ckR7-TsN8_200000_210000.wav,10.00,,,,
L68mRatg8dI_60000_70000.wav,10.00,,,,
L7BEjQ0NJm0_20000_30000.wav,10.00,,,,
L7V9ILz9F9c_240000_250000.wav,10.00,,,,
LAtrzjhGOVA_110000_120000.wav,10.00,,,,
Laz66LyqR30_0_10000.wav,10.00,,,,
LBduhz_4I9Y_80000_90000.wav,10.00,,,,
lbJACtcRxwc_240000_250000.wav,10.00,,,,
lelKkx61bTU_10000_20000.wav,10.00,,,,
_LFvnDCilV4_30000_40000.wav,10.00,,,,
LgfSjYTJpEc_0_10000.wav,10.00,,,,
lIn3GVoi2JY_40000_50000.wav,10.00,,,,
LJeYtr6A7MQ_0_10000.wav,10.00,,,,
LJ-oWEBfvME_220000_230000.wav,10.00,,,,
llHomdxSJWA_110000_120000.wav,10.00,,,,
lLlJ2WgsQNo_210000_220000.wav,10.00,,,,
lM3zOxernsA_130000_140000.wav,10.00,,,,
lMWpJv-YsXE_200000_210000.wav,10.00,,,,
LNkQic1JRYE_10000_20000.wav,10.00,,,,
lQ1nXbKwxzM_460000_470000.wav,10.00,,,,
lQw0l3Y9V18_20000_30000.wav,10.00,,,,
LRsss3RO1zw_10000_20000.wav,10.00,,,,
lUAdkm-OVPk_0_10000.wav,10.00,,,,
LvNkNn6njao_280000_290000.wav,10.00,,,,
lW92TZLUHWk_70000_80000.wav,10.00,,,,
LWXzqZsm53E_140000_150000.wav,10.00,,,,
lxhvl5Rmpyg_260000_270000.wav,10.00,,,,
LXj4wvk6RmI_20000_30000.wav,10.00,,,,
lyhRg8Ma-PU_540000_550000.wav,10.00,,,,
LysX0A_RHBg_40000_50000.wav,10.00,,,,
LYZrQA2ATEk_60000_70000.wav,10.00,,,,
LzBiKDOFGEE_30000_40000.wav,10.00,,,,
LZDSKPzTPHc_360000_370000.wav,10.00,,,,
LzKC1vxqI0I_20000_30000.wav,10.00,,,,
lzV1RNyHSFc_20000_30000.wav,10.00,,,,
lzWXjJn6kdA_110000_120000.wav,10.00,,,,
m1ToUrnLwJ0_10000_20000.wav,10.00,,,,
m2gSiT6pDk8_260000_270000.wav,10.00,,,,
M2GwlTtZrhU_110000_120000.wav,10.00,,,,
m4Us1j039MQ_0_10000.wav,10.00,,,,
M7heSS-QQlo_210000_220000.wav,10.00,,,,
M8OMhBOVToI_40000_50000.wav,10.00,,,,
MacPlRrWqLI_70000_80000.wav,10.00,,,,
MAR_VzmFfYk_40000_50000.wav,10.00,,,,
mavCqqEKLtM_20000_30000.wav,10.00,,,,
MBGo1YclO3w_50000_60000.wav,10.00,,,,
MCNg8zZsklE_30000_40000.wav,10.00,,,,
mfQM6RmAc4o_60000_70000.wav,10.00,,,,
MG4MDWNFn9I_300000_310000.wav,10.00,,,,
MgQCD_N4dTQ_30000_40000.wav,10.00,,,,
m_gYeAmcYHI_90000_100000.wav,10.00,,,,
MK6LoINp3-Y_80000_90000.wav,10.00,,,,
mkO4sTNammQ_30000_40000.wav,10.00,,,,
ML2_7WWRbgE_10000_20000.wav,10.00,,,,
MmDz07UriYY_120000_130000.wav,10.00,,,,
mnPZ8cVGIoU_190000_200000.wav,10.00,,,,
MN-VMAanAJ8_110000_120000.wav,10.00,,,,
moCcGWBG1nU_20000_30000.wav,10.00,,,,
mpdKXE_Sm9k_270000_280000.wav,10.00,,,,
mqeCehWbApI_50000_60000.wav,10.00,y,,,
-mRxPWXrSsY_280000_290000.wav,10.00,,,,
mrZmnH8SzIA_120000_130000.wav,10.00,,,,
Msd6W6o9CfY_450000_460000.wav,10.00,,,,
MTOx3yBYZ0I_80000_90000.wav,10.00,,,,
MVdorpZhKfI_20000_30000.wav,10.00,y,,,
MVQqBGycW1Y_210000_220000.wav,10.00,,,,
MwoLwkYOtqM_240000_250000.wav,10.00,y,,,
MyaBGqF5RgQ_10000_20000.wav,10.00,,,,
mZRtVePnNL0_380000_390000.wav,10.00,y,,,
n032-VKCHIQ_310000_320000.wav,10.00,,,,
n0tiBaNX33o_110000_120000.wav,10.00,,,,
n2oq1HCSPrM_100000_110000.wav,10.00,,,,
n39qXyhW8BA_30000_40000.wav,10.00,,,,
N5c_9UL_hog_260000_270000.wav,10.00,,,,
n650Lp7S8PM_150000_160000.wav,10.00,,,,
n6_FplxO_YM_40000_50000.wav,10.00,,,,
N6Wgjne166c_90000_100000.wav,10.00,,,,
NcGd4fjy5KM_40000_50000.wav,10.00,y,,,
n-D_9jUn3Rk_70000_80000.wav,10.00,,,,
ndWWvIGB6Ok_180000_190000.wav,10.00,,,,
nFko0z5cq_g_10000_20000.wav,10.00,,,,
NhLbtPBsXfE_20000_30000.wav,10.00,,,,
nkzF0pOTdcc_20000_30000.wav,10.00,,,,
nlD50TyQoZ8_50000_60000.wav,10.00,,,,
nlhoCx_FR-c_50000_60000.wav,10.00,,,,
Nmw-kJkGlMY_20000_30000.wav,10.00,,,,
NNvqo7iCvSg_0_10000.wav,10.00,,,,
nPw_MDstE7M_50000_60000.wav,10.00,,,,
npYuFDNULOQ_110000_120000.wav,10.00,,,,
nQ25GhiR96o_50000_60000.wav,10.00,,,,
NRxYGrM39KI_0_10000.wav,10.00,,,,
nuJwLi1a60A_500000_510000.wav,10.00,,,,
NWul6gaF9PI_80000_90000.wav,10.00,,,,
NxN-mrHYtso_400000_410000.wav,10.00,,,,
NYs6AeDkyJY_30000_40000.wav,10.00,,,,
nyxLrosW5kQ_0_10000.wav,10.00,,,,
nZB45GbSDDU_30000_40000.wav,10.00,,,,
NzJ1RMR_sWw_50000_60000.wav,10.00,,,,
O0BMvsTFzqU_30000_40000.wav,10.00,,,,
O1n-pt3waz8_30000_40000.wav,10.00,,,,
o3LsZGHsY18_30000_40000.wav,10.00,,,,
OaXr8Ns_o9g_80000_90000.wav,10.00,,,,
Oby8Ybby32I_30000_40000.wav,10.00,,,,
OCk_azrmtpo_100000_110000.wav,10.00,,,,
oDdKcPlpA68_50000_60000.wav,10.00,,,,
_oDTEjyE75U_40000_50000.wav,10.00,,,,
oFaugqDvhHo_160000_170000.wav,10.00,,,,
Oh7jCsQSrqo_30000_40000.wav,10.00,,,,
Oifqm8TOrMM_260000_270000.wav,10.00,,,,
oiHkNCiznFk_100000_110000.wav,10.00,,,,
o-IKw_KzRl4_20000_30000.wav,10.00,,,,
OJda3Jf9J7g_440000_450000.wav,10.00,,,,
OjE07a_ND8o_50000_60000.wav,10.00,,,,
oLJJ8Y2c5Iw_260000_270000.wav,10.00,y,,,
-OMdnou20dc_30000_40000.wav,10.00,y,,,
Omx6M3_DoaM_270000_280000.wav,10.00,,,,
OOsLLhQ8JfA_240000_250000.wav,10.00,,,,
OQP99fzXc50_310000_320000.wav,10.00,,,,
OS4_xqMReWg_90000_100000.wav,10.00,,,,
OS51O6LmtFk_410000_420000.wav,10.00,,,,
O-s9v7XVZj4_120000_130000.wav,10.00,,,,
OSEr0y9Mhjg_30000_40000.wav,10.00,,,,
OuEH2JiYYL8_30000_40000.wav,10.00,,,,
OVx0ujngWnM_60000_70000.wav,10.00,,,,
owr_0Vzna4Q_80000_90000.wav,10.00,,,,
OY6FypPP_qU_0_10000.wav,10.00,,,,
Oyg7tWu11cc_70000_80000.wav,10.00,y,,,
P1U3HihFS4Q_260000_270000.wav,10.00,,,,
p2hTCwrAXbY_60000_70000.wav,10.00,,,,
p76VB2RIZuI_0_10000.wav,10.00,,,,
p7KfloA9tZU_210000_220000.wav,10.00,,,,
P8saKKI43tA_20000_30000.wav,10.00,,,,
pacwSWgX44A_10000_20000.wav,10.00,,,,
paGsceUThS4_0_10000.wav,10.00,,,,
PBqrYFp7lv4_250000_260000.wav,10.00,,,,
-pBsdyP12ak_510000_520000.wav,10.00,,,,
pD3E6MIULBc_10000_20000.wav,10.00,,,,
pF1ECykuZoA_50000_60000.wav,10.00,,,,
pfAf-jF80Mo_100000_110000.wav,10.00,,,,
pFxuoxoYLT4_310000_320000.wav,10.00,,,,
pgqoh7pGj_U_30000_40000.wav,10.00,,,,
Pi1qMFk2-9o_60000_70000.wav,10.00,,,,
Pi7GrFl4A4c_20000_30000.wav,10.00,,,,
PIkPfTYSLLA_40000_50000.wav,10.00,,,,
PLDOqhVq23Q_550000_560000.wav,10.00,y,,,
pLeHXffzyk0_120000_130000.wav,10.00,,,,
pLS_j98TaQ0_80000_90000.wav,10.00,,,,
Pm8kYdU_zqU_200000_210000.wav,10.00,,,,
PmiRwrIh8h0_170000_180000.wav,10.00,,,,
_pOl_t4f-lQ_140000_150000.wav,10.00,y,,,
prf6wJgag0M_20000_30000.wav,10.00,,,,
prISe-x18t4_0_10000.wav,10.00,y,,,
pRPOCpChaAo_0_10000.wav,10.00,,,,
pSE1cuC6B_g_10000_20000.wav,10.00,,,,
PUO1J-FVhzw_70000_80000.wav,10.00,,,,
PW2JzfQRvEA_30000_40000.wav,10.00,,,,
PwVWlSKhN9I_60000_70000.wav,10.00,,,,
pyaKIh2ixIc_180000_190000.wav,10.00,,,,
pZPu2QCtMyg_70000_80000.wav,10.00,,,,
Q1Y8qjP0XTY_130000_140000.wav,10.00,y,,,
Q2Q0nL0pO9s_60000_70000.wav,10.00,,,,
q2V4la2ptnc_270000_280000.wav,10.00,,,,
q4PTPmmLE8I_240000_250000.wav,10.00,,,,
qaIp5pcw5eY_120000_130000.wav,10.00,,,,
Q_byFHduSkQ_170000_180000.wav,10.00,,,,
Qegl8JKCWh8_30000_40000.wav,10.00,,,,
qepCghm8ZXk_0_10000.wav,10.00,,,,
Q_f5VT8EEYE_170000_180000.wav,10.00,,,,
qHuJOy1JSpE_0_10000.wav,10.00,,,,
qI3XM4twkGM_410000_420000.wav,10.00,,,,
QItrZ04O_hs_10000_20000.wav,10.00,,,,
qiV-DHVKuIE_50000_60000.wav,10.00,,,,
QjV_4R6XKRA_220000_230000.wav,10.00,,,,
QLtv_bBgzmE_50000_60000.wav,10.00,,,,
qLUmhTrelMI_180000_190000.wav,10.00,,,,
qLwQgyrJ5yE_30000_40000.wav,10.00,,,,
QmJwF-zQojY_0_10000.wav,10.00,,,,
qPaGlfgKdwA_290000_300000.wav,10.00,,,,
qPCJfxdJqvs_110000_120000.wav,10.00,,,,
qpXUXe7L2Fg_390000_400000.wav,10.00,,,,
_Qqu5pVQFCQ_200000_210000.wav,10.00,,,,
qr7CPF5aCGk_70000_80000.wav,10.00,,,,
qrKEKQc3HOw_230000_240000.wav,10.00,,,,
QSaXDBWVtsc_190000_200000.wav,10.00,,,,
qsOLfH0TsN4_30000_40000.wav,10.00,,,,
QSY5ZQ0NJm4_300000_310000.wav,10.00,,,,
Qu3qNrC4CDQ_290000_300000.wav,10.00,,,,
qvTtN59RCi0_30000_40000.wav,10.00,,,,
QvvA6YxnqPE_70000_80000.wav,10.00,,,,
QXjU9vQEz7c_230000_240000.wav,10.00,,,,
qYJOacMJi8k_370000_380000.wav,10.00,,,,
Qyolp0Qf9Nc_140000_150000.wav,10.00,,,,
qyPDcWWXfto_50000_60000.wav,10.00,,,,
QZ4f44tXI5s_30000_40000.wav,10.00,,,,
qzJeosV6vDs_100000_110000.wav,10.00,,,,
qzPwyS-Po2M_0_10000.wav,10.00,,,,
R1hfhPfMmv8_470000_480000.wav,10.00,,,,
R3HhwpGtKJY_140000_150000.wav,10.00,,,,
r5_QPF1qEu0_30000_40000.wav,10.00,,,,
R6BQdzqiQsg_20000_30000.wav,10.00,,,,
R8uegi7vMP0_130000_140000.wav,10.00,,,,
RA2irz-ipCY_270000_280000.wav,10.00,,,,
RAPWAiU0hjo_10000_20000.wav,10.00,,,,
rbBQOmgkZS4_370000_380000.wav,10.00,,,,
rBiW2_gnR6A_20000_30000.wav,10.00,,,,
rbyIgcubTcw_20000_30000.wav,10.00,,,,
rCVE85YCZ3s_50000_60000.wav,10.00,,,,
RD0B6Hbergo_170000_180000.wav,10.00,,,,
Rd9d4TYIrcs_20000_30000.wav,10.00,,,,
rfoW8Ej5268_190000_200000.wav,10.00,,,,
rGTX-hyKP44_160000_170000.wav,10.00,,,,
RgXA0dPuDTk_80000_90000.wav,10.00,,,,
RjqYODuzZOc_300000_310000.wav,10.00,,,,
rLcu9SeuuP8_100000_110000.wav,10.00,,,,
RnrP-bTUOcA_30000_40000.wav,10.00,,,,
rOhscyOrXVE_150000_160000.wav,10.00,,,,
RqbwM4XipVo_120000_130000.wav,10.00,,,,
rqrwRkFA8Js_0_10000.wav,10.00,,,,
RR542zToeeU_160000_170000.wav,10.00,,,,
r_R9ZZedQuY_150000_160000.wav,10.00,,,,
_RruZieF5OE_150000_160000.wav,10.00,,,,
rRXUMh4HWvk_10000_20000.wav,10.00,,,,
rSkfyKmzBnQ_10000_20000.wav,10.00,,,,
rYF0RJPeKA4_140000_150000.wav,10.00,,,,
RyRHhHT2GpQ_200000_210000.wav,10.00,,,,
s1cWoRWn5lM_60000_70000.wav,10.00,,,,
s2Upawz5nIU_20000_30000.wav,10.00,,,,
s4pYqecpA9Q_30000_40000.wav,10.00,,,,
s69ag_AQ_4o_100000_110000.wav,10.00,,,,
S7stoYXS-g4_20000_30000.wav,10.00,,,,
sav17PvEXIc_50000_60000.wav,10.00,,,,
SBLtku0mdCg_20000_30000.wav,10.00,,,,
sCVm1DDa-zc_50000_60000.wav,10.00,,,,
sD2I0Qnw7Fo_20000_30000.wav,10.00,,,,
sEIbaiwkuKQ_130000_140000.wav,10.00,,,,
s-fiN_ntO-U_70000_80000.wav,10.00,,,,
SG1OZSP44UY_20000_30000.wav,10.00,,,,
SGN5pUqv_uA_30000_40000.wav,10.00,,,,
SKgUvA5zWNE_0_10000.wav,10.00,,,,
SlcVqkIIvB0_0_10000.wav,10.00,,,,
slrYiu3dzWQ_10000_20000.wav,10.00,,,,
SlU9LtReFOE_310000_320000.wav,10.00,,,,
Sm7S2FYm9EY_10000_20000.wav,10.00,,,,
SmAfvlaBWNg_50000_60000.wav,10.00,,,,
SMcZg-EQq54_180000_190000.wav,10.00,,,,
S_N_rCAoF4c_100000_110000.wav,10.00,,,,
SoF0lzqzd9s_60000_70000.wav,10.00,,,,
SpxDI5Wuhoc_100000_110000.wav,10.00,,,,
sRuMqhWhheY_90000_100000.wav,10.00,,,,
STRm_0urVC4_130000_140000.wav,10.00,,,,
sVO7HeE8yNo_100000_110000.wav,10.00,,,,
sXfPCd-wyGY_190000_200000.wav,10.00,,,,
T05MKT3trJI_90000_100000.wav,10.00,,,,
t1-gGupSOkg_60000_70000.wav,10.00,,,,
-t3DMClxaIo_10000_20000.wav,10.00,,,,
T4-qkbbbBW4_50000_60000.wav,10.00,y,,,
T8iivMlZj2U_10000_20000.wav,10.00,y,,,
tAxy2vQgKig_280000_290000.wav,10.00,,,,
tbonAxTHHEg_100000_110000.wav,10.00,y,,,
tbq6lsjW-88_310000_320000.wav,10.00,,,,
TbZAW2_nZ7g_140000_150000.wav,10.00,,,,
tc0B18ZTTy4_220000_230000.wav,10.00,,,,
tE1idU67lnU_100000_110000.wav,10.00,,,,
tenpU0vpgwQ_360000_370000.wav,10.00,,,,
T-EqNj5x96g_130000_140000.wav,10.00,,,,
TfL-474-r6I_30000_40000.wav,10.00,,,,
tGjqBlCRpW8_100000_110000.wav,10.00,,,,
tgJYBtbOEKI_210000_220000.wav,10.00,,,,
TicJtL90k68_30000_40000.wav,10.00,,,,
TiecaYeMBO0_0_10000.wav,10.00,,,,
-TlOFOaIS-c_30000_40000.wav,10.00,,,,
t-m2ZNiE8PY_60000_70000.wav,10.00,,,,
TM925xZXWwU_130000_140000.wav,10.00,,,,
t-m-MIOSbQU_150000_160000.wav,10.00,,,,
tqIc89X0xUI_120000_130000.wav,10.00,,,,
tqUtMR_LWMU_50000_60000.wav,10.00,,,,
TrjidZpiCjE_40000_50000.wav,10.00,,,,
TRXuROug1Ng_10000_20000.wav,10.00,,,,
TSgiateIB68_210000_220000.wav,10.00,,,,
TtZGtHTXOcU_120000_130000.wav,10.00,,,,
TX1K4p06fv4_30000_40000.wav,10.00,,,,
TyDAY5yC2l4_40000_50000.wav,10.00,,,,
tzIurihMFps_40000_50000.wav,10.00,,,,
U2ABZE_enFc_40000_50000.wav,10.00,,,,
u4-qlF6Ah74_0_10000.wav,10.00,,,,
u5bAePuQNHo_220000_230000.wav,10.00,,,,
u6Lf6mI0ugU_20000_30000.wav,10.00,,,,
u7Dfly7Yod8_0_10000.wav,10.00,,,,
U89xKiZC2oE_70000_80000.wav,10.00,,,,
U9ekSz4Xpmc_220000_230000.wav,10.00,,,,
u9rWT1wLPmQ_40000_50000.wav,10.00,,,,
uBOlhLY1XGA_200000_210000.wav,10.00,,,,
ucJrV5WKrLc_10000_20000.wav,10.00,,,,
ueBhUkSY4RY_230000_240000.wav,10.00,,,,
uEQuyzp4L1E_240000_250000.wav,10.00,,,,
ufIcs72O70M_70000_80000.wav,10.00,,,,
-uFiGVGbErU_370000_380000.wav,10.00,,,,
_UJ_hw_WDGk_50000_60000.wav,10.00,,,,
UjQiZqokp1s_0_10000.wav,10.00,,,,
UjViRkv3WHk_70000_80000.wav,10.00,,,,
UkA1Y-5-Lh0_220000_230000.wav,10.00,,,,
uKMaiQUl7nk_340000_350000.wav,10.00,,,,
UKPEmeKhkeY_20000_30000.wav,10.00,,,,
UkZVKcW2jgA_210000_220000.wav,10.00,,,,
uLDW6j76qPs_100000_110000.wav,10.00,,,,
U_-_lXBraBU_70000_80000.wav,10.00,,,,
UmF6E6GjBCo_350000_360000.wav,10.00,,,,
UmgdC8N6myE_10000_20000.wav,10.00,,,,
Um_r3URWtdA_20000_30000.wav,10.00,,,,
UnkYrA0yunY_150000_160000.wav,10.00,,,,
uOBweoRmqQA_110000_120000.wav,10.00,,,,
uOnuc0JKQZ0_200000_210000.wav,10.00,,,,
UqkcTaBWP38_70000_80000.wav,10.00,,,,
UvHlGRdhDVI_70000_80000.wav,10.00,,,,
uWE8mJspu5I_10000_20000.wav,10.00,,,,
UwsqtNuC3Vw_40000_50000.wav,10.00,,,,
Uy7Z8PcY_BM_30000_40000.wav,10.00,,,,
UydhzpFiLfc_20000_30000.wav,10.00,,,,
V0aHNJNfojs_0_10000.wav,10.00,,,,
v0Ze7Mt3j_I_30000_40000.wav,10.00,,,,
V2NPXqM2el4_40000_50000.wav,10.00,,,,
V2XS0X9qpZE_30000_40000.wav,10.00,,,,
v5-nUU_EKzI_430000_440000.wav,10.00,,,,
v9W60iPhLZw_100000_110000.wav,10.00,,,,
vApJtBp_Q48_170000_180000.wav,10.00,,,,
VB6c6T-dD1U_70000_80000.wav,10.00,,,,
vBDReYUV6bU_40000_50000.wav,10.00,,,,
Vbwaczi2GS4_20000_30000.wav,10.00,,,,
vc72wIUFdn0_80000_90000.wav,10.00,,,,
vcdXDA9l2e0_40000_50000.wav,10.00,,,,
vD_rZl6WqaI_130000_140000.wav,10.00,,,,
vdW23iQh-Jc_110000_120000.wav,10.00,,,,
vEDc2J8lbI8_50000_60000.wav,10.00,,,,
vEfz1OofAQ8_40000_50000.wav,10.00,,,,
VemxWnCPiHU_260000_270000.wav,10.00,,,,
VGt_W6hwnoo_30000_40000.wav,10.00,,,,
ViJGuBHRMqU_130000_140000.wav,10.00,,,,
VJzQJ-4PUnI_90000_100000.wav,10.00,,,,
vK1pjB8Go2s_50000_60000.wav,10.00,,,,
VKl1nJ1zehk_20000_30000.wav,10.00,,,,
vMcJJ4rLr1w_60000_70000.wav,10.00,,,,
vMTEWbMN_wg_50000_60000.wav,10.00,,,,
V_MV1LbIz9Y_70000_80000.wav,10.00,,,,
VnELsiuHG2o_50000_60000.wav,10.00,,,,
vnrh8_qsv4g_260000_270000.wav,10.00,,,,
VOihip-yICA_20000_30000.wav,10.00,y,,,
-vOS1VO2vtA_30000_40000.wav,10.00,,,,
VPRqmizZYBE_40000_50000.wav,10.00,,,,
VRaD3pqPhgc_100000_110000.wav,10.00,,,,
vSFbqLgy3hA_190000_200000.wav,10.00,,,,
vtEYaunjED8_20000_30000.wav,10.00,,,,
vtIYiGiYn4Q_60000_70000.wav,10.00,,,,
vv--9EsVTzE_120000_130000.wav,10.00,,,,
VvWIbJRyWkQ_50000_60000.wav,10.00,y,,,
VVycWGeVCko_20000_30000.wav,10.00,,,,
vwsY8198bYU_0_10000.wav,10.00,,,,
VxeRX0jd3KU_30000_40000.wav,10.00,,,,
vZaYGIQMO_A_350000_360000.wav,10.00,y,,,
vzsp4SJH2ws_480000_490000.wav,10.00,,,,
W0mijeON0Co_10000_20000.wav,10.00,,,,
w1S_jzCkBkc_50000_60000.wav,10.00,y,,,
W1Wqg7IvIK4_10000_20000.wav,10.00,,,,
W43dQudXJ5Y_30000_40000.wav,10.00,,,,
w64jIH5PM-k_80000_90000.wav,10.00,,,,
w7BXENJUUNw_60000_70000.wav,10.00,,,,
w7jWgb5bpko_10000_20000.wav,10.00,,,,
w8FglkTt3Wk_210000_220000.wav,10.00,,,,
wC2ITTeIPAA_30000_40000.wav,10.00,,,,
wC8b6vbRs0Q_30000_40000.wav,10.00,,,,
weMKOQhyvoQ_50000_60000.wav,10.00,,,,
WEtJ6j6iux8_0_8000.wav,7.72,,,,
WG8U8mYw3G0_40000_50000.wav,10.00,,,,
WgzNUzHa8Sc_210000_220000.wav,10.00,,,,
wHo4ur6HVSg_30000_40000.wav,10.00,,,,
WIkpFwNlBvY_60000_70000.wav,10.00,,,,
wm-MxD9aU4M_0_10000.wav,10.00,,,,
wOmESbetNTY_100000_110000.wav,10.00,,,,
Wotx2e3s8dw_10000_20000.wav,10.00,,,,
Wp6cM7vT7Qk_40000_50000.wav,10.00,,,,
WPKO75f5Lno_30000_40000.wav,10.00,,,,
WQxjjWnoqsI_70000_80000.wav,10.00,,,,
Ws84VzmwJT4_0_10000.wav,10.00,,,,
wTnd53JWRVo_0_10000.wav,10.00,,,,
wTRY3ys1RbY_110000_120000.wav,10.00,,,,
WuIZiH__gYQ_130000_140000.wav,10.00,y,,,
wvhykP-daOU_20000_30000.wav,10.00,,,,
WVQvHVio4Hw_40000_50000.wav,10.00,,,,
wWm8Lw6_Y6I_290000_300000.wav,10.00,,,,
wwnfW1Du5LI_30000_40000.wav,10.00,,,,
wxV7vVslH2k_130000_140000.wav,10.00,,,,
wyZlvUSm9ng_470000_480000.wav,10.00,,,,
wzcOGfzWYy4_130000_140000.wav,10.00,,,,
x2-0zTm3Nis_20000_30000.wav,9.00,,,,
X4eN59vceBI_180000_190000.wav,10.00,,,,
X8_ALjDFxIU_300000_310000.wav,10.00,y,,,
xBaEv2ll7nA_90000_100000.wav,10.00,,,,
XBSo8qzLql8_100000_110000.wav,10.00,,,,
xeilqifSWPk_160000_170000.wav,10.00,,,,
xfpxOfEOaQQ_60000_70000.wav,10.00,,,,
xHYrsIKj248_20000_30000.wav,10.00,,,,
XkGJN01_6aM_40000_50000.wav,10.00,,,,
XkYgVHZQXeM_190000_200000.wav,10.00,,,,
XLZCZ-BVejg_40000_50000.wav,9.00,,,,
XM-JmuoVC1s_120000_130000.wav,10.00,,,,
XNJZYEdS_RA_140000_150000.wav,10.00,,,,
xNYjHiPZvWE_120000_130000.wav,10.00,,,,
XQ_f6SDGvQI_90000_100000.wav,10.00,,,,
XREdR4ABAdw_140000_150000.wav,10.00,y,,,
xUmvzf0xZ3w_80000_90000.wav,10.00,,,,
xvRaLhEJKew_10000_20000.wav,10.00,,,,
XXqk8ttxZLI_10000_20000.wav,10.00,,,,
y3HZUFlhPA8_110000_120000.wav,10.00,,,,
y4LsmMX3sc0_10000_20000.wav,10.00,,,,
yAPnErJMwQs_360000_370000.wav,10.00,,,,
YB4vPB0Z3VA_180000_190000.wav,10.00,,,,
Yc_D7eXPKug_10000_20000.wav,10.00,,,,
ydEEn2Nn1AI_10000_20000.wav,10.00,,,,
YdOtOKsnNaw_0_10000.wav,10.00,,,,
YDVMN0n1AW0_520000_530000.wav,10.00,,,,
ydxegxJlslk_10000_20000.wav,10.00,,,,
yE_PDZsW7JI_30000_40000.wav,10.00,,,,
YEwTnog3laA_20000_30000.wav,10.00,,,,
YfCRbFCrWUY_140000_150000.wav,10.00,,,,
YfncJ9wOZJU_510000_520000.wav,10.00,,,,
Yg0PeUM0opI_60000_70000.wav,10.00,,,,
ygf34D5ZaL4_180000_190000.wav,10.00,,,,
YGjDyrSCtPI_510000_520000.wav,10.00,,,,
YHOh3mNykRo_30000_40000.wav,10.00,,,,
YIfp29xPuGw_10000_20000.wav,10.00,,,,
yIYwokvOvaw_77000_87000.wav,9.00,,,,
yjerdOIXk60_130000_140000.wav,10.00,,,,
Yl0pG_slMsU_20000_30000.wav,10.00,,,,
ylK3rsILXW8_110000_120000.wav,10.00,,,,
YL-o3Re7R64_0_10000.wav,10.00,,,,
YNmkH114jXs_50000_60000.wav,10.00,,,,
yNmnmechXWk_60000_70000.wav,10.00,y,,,
Y-oMHptZcMc_190000_200000.wav,10.00,,,,
YOwu_iR4f6s_50000_60000.wav,10.00,y,,,
yPCx6GJ7Hio_70000_80000.wav,10.00,,,,
YpzjeS4YjgQ_10000_20000.wav,10.00,,,,
yQ5Z_l476mg_30000_40000.wav,10.00,,,,
YqYEN7wYRmE_40000_50000.wav,10.00,y,,,
YSjjQrMo3O4_40000_50000.wav,10.00,,,,
Yt2qogRofnk_30000_40000.wav,10.00,y,,,
Yt_vHFhELuE_30000_40000.wav,10.00,,,,
YUSrbjzzhpo_60000_70000.wav,10.00,,,,
YvcEcjCQi48_30000_40000.wav,10.00,,,,
yVR_EvNW7Kw_10000_20000.wav,10.00,,,,
Yw8Zbw6tV-U_80000_90000.wav,10.00,,,,
yWO81fIdfaI_120000_130000.wav,10.00,,,,
ywrw5qF2q8M_30000_40000.wav,10.00,y,,,
YX32r8DY8nI_10000_20000.wav,10.00,,,,
yxZOPbknbz8_120000_130000.wav,10.00,,,,
yz294yNpL0M_460000_470000.wav,10.00,,,,
yZIaUuECbso_10000_20000.wav,10.00,,,,
yZXMveUBbwY_170000_180000.wav,10.00,,,,
z1leSCzoqgY_0_10000.wav,10.00,,,,
Z2s8zx551vw_70000_80000.wav,10.00,,,,
z6YUXibXfOU_160000_170000.wav,10.00,,,,
ZA_PVH3twwM_50000_60000.wav,10.00,,,,
ZBV4ZM5mcW8_270000_280000.wav,10.00,,,,
ZfnPtAZVEhs_30000_40000.wav,10.00,,,,
Zh-o6v_m1bg_80000_90000.wav,10.00,,,,
ZJIkWJeTwxE_20000_30000.wav,10.00,,,,
zmFJ_ek67VE_40000_50000.wav,10.00,,,,
zmHlSeVAEdw_170000_180000.wav,10.00,,,,
znDsX3EJO_E_10000_20000.wav,10.00,,,,
zN_zItK2DRM_140000_150000.wav,10.00,,,,
zOfdfdcFHrg_280000_290000.wav,10.00,y,,,
ZoZCKTxOvyA_170000_180000.wav,10.00,,,,
zPyYpAWVarc_150000_160000.wav,10.00,,,,
zq3t9Z0uRkE_70000_80000.wav,10.00,,,,
ZQt5Oy7SGNc_80000_90000.wav,10.00,,,,
Zqyf0UEtcZw_110000_120000.wav,10.00,,,,
ZuD3xQQzj8g_30000_40000.wav,10.00,,,,
zUFPZwltlQw_160000_170000.wav,10.00,,,,
ZVp1BbgQJ4o_160000_170000.wav,10.00,,,,
zWPaqk9zybQ_120000_130000.wav,10.00,,,,
ZXi-G9ZI2Ys_0_10000.wav,10.00,y,,,
zy7YFys0x_w_100000_110000.wav,10.00,,,,
ZYO_XKKRsyk_140000_150000.wav,10.00,y,,,
zZHLey3XFKA_30000_40000.wav,10.00,,,,